{"cameraMode":{"drawMode":0,"name":"Shaded","section":"Shading Mode"},"sceneLighting":false,"audioPlay":false,"sceneViewState":{"m_AlwaysRefresh":false,"showFog":true,"showSkybox":false,"showFlares":true,"showImageEffects":true,"showParticleSystems":true,"showVisualEffectGraphs":true,"m_FxEnabled":true},"in2DMode":false,"pivot":{"x":1.4234132766723633,"y":1.5072935819625855,"z":1.5706055164337159},"rotation":{"x":-0.03175787255167961,"y":-0.6274250745773315,"z":0.025611212477087976,"w":-0.7776236534118652},"size":2.7080955505371095,"orthographic":false}