{"cameraMode":{"drawMode":0,"name":"Shaded","section":"Shading Mode"},"sceneLighting":true,"audioPlay":false,"sceneViewState":{"m_AlwaysRefresh":false,"showFog":true,"showSkybox":true,"showFlares":true,"showImageEffects":true,"showParticleSystems":true,"showVisualEffectGraphs":true,"m_FxEnabled":true},"in2DMode":false,"pivot":{"x":16.38665008544922,"y":1.3592121601104737,"z":14.861245155334473},"rotation":{"x":-0.024730170145630838,"y":-0.9550185203552246,"z":0.08329690247774124,"w":-0.28353652358055117},"size":1.6399707794189454,"orthographic":false}